epoch,Acc(10%),Acc(20%),Acc(30%),Acc(40%),Acc(50%),Acc(60%)
0,1.3182,1.3300,1.3311,1.3500,1.3829,1.3900
1,0.8745,0.9220,0.9289,0.9775,0.9771,0.9833
2,0.9200,0.8860,0.9889,1.0325,1.0371,1.0767
3,0.9073,0.9680,1.0133,1.1075,1.1171,1.1367
4,0.9655,0.9540,1.0289,1.1050,1.1371,1.2000
5,0.9509,1.0060,1.0911,1.1425,1.2314,1.3067
6,0.9473,1.0100,1.1089,1.1650,1.2600,1.3600
7,0.9491,1.0900,1.1067,1.2850,1.3429,1.4433
8,1.0127,1.0660,1.1711,1.3125,1.4286,1.5600
9,1.0127,1.1040,1.2178,1.4025,1.4629,1.6300
10,1.0073,1.1300,1.3067,1.4500,1.6114,1.7000
11,1.0545,1.1040,1.2956,1.4875,1.6514,1.7600
12,1.0309,1.1660,1.3533,1.5875,1.7343,1.7700
13,1.0509,1.2260,1.4289,1.6575,1.7571,1.8900
14,1.0545,1.2400,1.4289,1.7225,1.8086,2.0400
15,1.0473,1.2180,1.4844,1.7450,1.9143,2.1333
18,1.1109,1.3340,1.5733,1.9225,2.0914,2.3167
21,1.1745,1.3800,1.7200,2.1150,2.3914,2.6633
24,1.1600,1.5040,1.8444,2.2725,2.6800,2.9767
27,1.1855,1.6040,1.9489,2.4650,2.8371,3.2000
30,1.2818,1.6720,2.0889,2.6250,3.1686,3.6467
33,1.3127,1.7600,2.2178,2.7825,3.3914,3.9667
36,1.3273,1.8060,2.3978,3.0150,3.6229,4.4033
39,1.3309,1.9460,2.4911,3.2900,3.9457,4.9300
42,1.4164,2.0080,2.6844,3.4975,4.3143,5.3233
45,1.5455,2.0520,2.9022,3.6275,4.6743,5.8033
48,1.5145,2.1800,3.0911,3.8950,5.1829,6.2533
51,1.5564,2.2300,3.1356,4.2650,5.4743,6.7967
54,1.6218,2.4140,3.3933,4.5700,5.9886,7.2567
57,1.6473,2.3960,3.5733,4.9000,6.4000,7.8200
60,1.6673,2.5700,3.7044,5.1125,6.7743,8.2067
63,1.7036,2.6980,3.8378,5.5525,7.1657,8.7733
66,1.7982,2.7980,4.1178,5.8800,7.4486,9.3100
69,1.8327,2.8540,4.3089,6.1350,7.9486,9.7100
72,1.8927,2.9720,4.4778,6.4500,8.3057,10.1700
75,1.9418,3.1560,4.8133,6.8025,8.7943,10.5500
78,1.9127,3.1960,5.1178,7.1800,9.1200,11.0333
81,2.0382,3.3600,5.2089,7.4500,9.4914,11.3167
84,2.0200,3.4420,5.4956,7.8000,9.8486,11.7333
87,2.0164,3.6360,5.6533,7.9075,10.1314,12.2367
90,2.1291,3.6960,5.9356,8.3525,10.4543,12.4467
93,2.1891,3.8400,6.2978,8.6650,10.8571,12.9067
96,2.2364,3.8960,6.4756,8.8350,11.1857,13.3000
99,2.2364,4.1220,6.7489,9.3650,11.6400,13.6467
100,2.1855,4.0740,7.0178,9.2975,11.7114,13.7200
