epoch,train_task_loss,train_confuse_loss,train_total_loss,train_acc,test_loss,test_acc
1,0.01725937444171769,712.505942226978,3.579789009500057,99.53,0.012376256583229406,99.61
2,0.016679265517047903,685.4724783390126,3.4440415757767697,99.555,0.012905345137551195,99.59
3,0.0160463961287144,689.0867610850232,3.461480126482375,99.54166666666667,0.013412729117408161,99.58
4,0.015035695974972655,692.7215693047706,3.4786434751875857,99.60833333333333,0.013159248500596733,99.64
5,0.016319018752968057,672.2604201296542,3.377621050083891,99.52333333333333,0.013717251439084066,99.64
6,0.015354195770193287,701.1017289831283,3.5208627568914537,99.59333333333333,0.013278668228304013,99.6
7,0.01550444459611986,677.4389827647108,3.402699284857892,99.595,0.012264947980293072,99.58
8,0.014807558147870797,678.7176524060837,3.4083957337318584,99.63166666666666,0.012736262729595183,99.63
9,0.013938478312078626,664.9253210189495,3.3385650127492053,99.60833333333333,0.012556729021162028,99.58
10,0.014528186538038735,676.8202880859375,3.3986295487018343,99.62,0.01247316329536261,99.65
11,0.011877786409248539,670.60775250374,3.364916473753909,99.70333333333333,0.012036213537794539,99.67
12,0.010525033758715429,691.4444870969082,3.467747394074785,99.73,0.011819995511177694,99.7
13,0.011059973065424314,657.9924474837932,3.301022140015947,99.70833333333333,0.011816058810654794,99.69
14,0.010111742535546581,632.0250776574967,3.170237057259742,99.75333333333333,0.011635510683845496,99.7
15,0.01071363042475299,615.4265879529588,3.0878464972719235,99.72666666666667,0.011812715040287003,99.68
16,0.010823238978380377,591.8816069907331,2.9702312053518094,99.745,0.011691248093120521,99.7
17,0.009927105912047022,585.9779779961768,2.9398169172571063,99.74666666666667,0.01160897269292036,99.69
18,0.011272814213991799,574.128451992603,2.8819150133335842,99.71666666666667,0.011759750183409778,99.67
19,0.010609546703524254,586.2994709420711,2.9421068495892464,99.73333333333333,0.011844417124666506,99.68
20,0.010579344972551979,588.6113587724402,2.9536360821825394,99.73333333333333,0.011519568158837501,99.7
