epoch,train_loss,train_acc,test_loss,test_acc
3,6.490263123207904,99.88166666666666,0.008426711454831093,99.76
6,6.3707846398049215,99.885,0.011052219371958927,99.64
9,6.391100696807212,99.85666666666667,0.008649610704378575,99.71
12,6.461777256904765,99.9,0.00873133333361693,99.73
15,6.433410449738198,99.915,0.008566425077970053,99.75
18,6.596580318694419,99.92666666666666,0.008523917276261273,99.75
21,6.43579324357053,99.915,0.00876605390694749,99.74
24,6.103521539809856,99.90666666666667,0.008918762556095316,99.7
27,6.456316617194642,99.92333333333333,0.009872354093204194,99.71
30,6.325348651155513,99.915,0.009437932071159593,99.71
33,6.2523348179269345,99.93666666666667,0.009374313224725483,99.73
36,6.552140308948274,99.94333333333333,0.009044485782214905,99.75
39,6.3184110276242516,99.91833333333334,0.00912786514313666,99.75
40,6.256176520408468,99.93333333333334,0.009310874546736158,99.72
