epoch,0%,30%,60%,100%
1,10.63,10.74,12.52,13.03
2,10.59,10.95,13.1,14.05
3,10.71,11.44,12.61,13.56
4,11.16,10.8,12.4,11.5
5,10.91,11.79,12.9,13.78
6,11.96,11.81,13.45,14.37
7,11.43,12.13,13.23,12.71
8,11.59,12.19,13.63,13.52
9,11.97,12.11,14.33,15.12
10,12.22,11.99,13.78,13.49
11,12.58,12.93,14.4,13.59
12,11.97,12.8,14.47,14.34
13,12.78,12.62,14.94,14.1
14,12.59,13.64,15.37,14.83
15,12.69,13.5,15.32,15.11
16,12.98,13.72,15.0,14.61
17,13.6,14.44,15.55,15.63
18,13.6,13.92,15.89,16.08
19,13.62,14.87,15.03,16.08
20,13.82,14.4,16.16,15.35
21,13.87,14.8,16.82,16.12
22,13.82,14.68,16.81,16.67
23,14.08,15.21,16.7,17.14
24,14.17,15.09,16.7,16.54
25,14.67,15.46,17.02,17.22
26,14.23,15.4,17.08,17.26
27,14.82,15.85,18.03,17.85
28,15.12,15.86,16.87,18.02
29,15.2,16.91,17.65,18.38
30,15.32,15.81,18.29,18.78
31,15.76,16.07,18.56,18.26
32,15.84,17.32,17.89,18.8
33,15.81,16.54,17.87,19.26
34,15.56,17.05,18.26,20.01
35,15.8,16.94,19.03,19.28
36,16.3,17.67,18.36,20.01
37,16.46,17.65,18.65,19.72
38,16.7,17.65,19.34,20.54
39,16.42,17.79,19.53,20.4
40,17.46,18.03,19.17,21.11
41,16.61,18.3,20.16,20.83
42,17.44,18.33,20.21,22.01
43,17.16,18.09,19.78,21.29
44,17.36,18.63,20.35,22.1
45,17.53,19.18,20.33,22.99
46,17.89,18.53,20.21,22.44
47,17.74,19.24,20.91,22.47
48,17.66,18.62,20.76,23.02
49,18.18,18.87,21.14,23.09
50,17.93,19.52,21.26,22.78
51,18.51,19.82,21.78,23.77
52,18.04,19.45,21.74,23.81
53,18.85,21.29,21.92,24.25
54,19.14,20.32,21.77,24.35
55,18.67,20.17,21.88,24.33
56,19.9,19.75,22.45,23.96
57,19.06,20.94,22.39,24.37
58,19.11,20.95,22.27,25.05
59,19.52,20.64,23.44,25.42
60,18.93,21.09,22.61,25.72
61,19.5,21.14,23.18,25.94
62,19.5,21.22,23.0,25.63
63,20.67,21.63,22.88,26.4
64,20.94,22.0,22.95,26.13
65,20.77,21.55,23.79,26.79
66,20.14,21.93,22.66,26.38
67,20.52,21.66,24.52,26.46
68,20.59,22.3,24.61,26.68
69,21.28,22.41,23.92,27.56
70,21.08,22.35,24.44,27.48
71,21.19,22.94,25.13,27.4
72,22.03,22.17,24.68,28.26
73,21.52,22.79,24.81,28.09
74,21.35,23.46,25.17,28.24
75,22.0,23.42,25.48,28.92
76,21.53,23.26,25.61,29.13
77,21.95,23.65,25.95,28.92
78,22.28,23.69,25.59,29.73
79,22.52,24.19,26.27,29.57
80,22.6,23.95,26.08,29.73
81,22.53,24.42,25.84,30.72
82,22.28,23.93,26.68,30.48
83,22.98,24.72,26.42,30.1
84,22.92,24.42,26.92,30.58
85,22.74,24.69,26.88,30.64
86,22.87,25.03,26.97,30.88
87,23.13,25.18,26.53,30.77
88,23.17,25.17,27.3,31.99
89,23.86,25.34,27.34,31.34
90,23.68,25.44,27.61,31.61
91,24.0,26.22,27.61,32.25
92,24.19,25.69,27.88,32.33
93,24.12,25.71,27.96,32.71
94,24.72,26.46,28.85,32.48
95,24.65,26.34,29.02,32.67
96,24.18,26.21,27.66,32.98
97,24.34,26.62,28.67,34.03
98,25.07,26.51,28.39,33.75
99,24.41,27.5,29.26,33.63
100,24.4,27.47,28.96,34.43
101,24.84,27.2,29.43,34.48
102,25.62,28.02,29.46,34.85
103,26.18,28.37,30.49,34.94
104,25.96,29.01,30.74,35.49
105,27.39,28.96,31.41,36.17
106,27.9,29.88,31.27,36.88
107,27.72,30.08,31.37,37.15
108,28.18,29.31,31.63,36.56
109,28.02,30.49,32.9,37.65
110,28.97,30.06,32.09,37.95
111,28.82,30.83,32.27,38.27
112,28.5,31.36,33.41,38.29
113,29.04,31.02,33.55,39.26
114,29.13,31.84,33.66,38.94
115,29.68,31.56,33.92,39.09
116,30.65,32.18,34.13,39.86
117,30.15,32.33,34.84,40.32
118,30.23,32.44,34.77,39.51
119,30.1,33.34,35.68,40.48
120,31.04,33.19,36.4,41.2
121,31.0,32.96,34.98,41.12
122,30.97,33.0,35.53,40.9
123,32.02,34.0,35.96,42.01
124,31.64,33.58,36.69,41.9
125,31.42,34.0,36.04,41.43
126,32.28,34.91,36.05,42.31
127,31.89,34.25,36.51,42.01
128,32.3,34.29,36.98,42.48
129,32.35,34.43,36.85,42.94
130,32.76,34.56,37.25,43.11
131,32.15,35.24,37.14,43.22
132,32.6,34.57,36.96,43.2
133,33.1,35.02,37.9,42.76
134,33.11,35.05,37.59,43.51
135,32.96,35.47,38.3,43.44
136,33.68,35.34,38.27,44.29
137,32.64,35.58,38.41,43.85
138,33.75,35.77,38.37,44.0
139,34.14,36.18,38.58,44.04
140,33.67,36.05,38.71,44.16
141,34.04,37.04,38.99,44.32
142,34.46,36.27,38.08,44.19
143,33.48,36.4,38.91,45.25
144,34.35,36.54,39.29,44.0
145,34.4,36.98,38.58,45.28
146,34.53,36.66,39.42,45.77
147,34.56,36.98,39.13,44.78
148,34.87,36.68,39.4,45.01
149,34.82,37.18,39.82,45.09
150,34.64,36.8,39.39,45.49
