group,prune_ratio,accuracy
resnet18-MNIST,0,9.74
resnet18-MNIST,0.1,9.74
resnet18-MNIST,0.2,9.74
resnet18-MNIST,0.3,9.74
resnet18-MNIST,0.4,9.74
resnet18-MNIST,0.5,9.74
resnet18-MNIST,0.6,9.74
resnet18-MNIST,0.7,9.74
resnet18-MNIST,0.8,10.09
resnet18-MNIST,0.9,10.09
resnet18-cifar-10,0,7.06
resnet18-cifar-10,0.1,9.21
resnet18-cifar-10,0.2,10.85
resnet18-cifar-10,0.3,10
resnet18-cifar-10,0.4,10
resnet18-cifar-10,0.5,10
resnet18-cifar-10,0.6,10
resnet18-cifar-10,0.7,10
resnet18-cifar-10,0.8,10
resnet18-cifar-10,0.9,10
resnet18-cifar-100,0,1.19
resnet18-cifar-100,0.1,1.34
resnet18-cifar-100,0.2,0.98
resnet18-cifar-100,0.3,1
resnet18-cifar-100,0.4,1
resnet18-cifar-100,0.5,1
resnet18-cifar-100,0.6,1
resnet18-cifar-100,0.7,1
resnet18-cifar-100,0.8,1
resnet18-cifar-100,0.9,1
