timestamp,group,prune_ratio,accuracy
,,,
2026/6/22 18:02,GoogLeNet-MNIST,0,9.88
2026/6/22 18:02,GoogLeNet-MNIST,0.1,9.5
2026/6/22 18:02,GoogLeNet-MNIST,0.2,9.74
2026/6/22 18:02,GoogLeNet-MNIST,0.3,9.74
2026/6/22 18:02,GoogLeNet-MNIST,0.4,9.74
2026/6/22 18:02,GoogLeNet-MNIST,0.5,10.28
2026/6/22 18:02,GoogLeNet-MNIST,0.6,10.09
2026/6/22 18:02,GoogLeNet-MNIST,0.7,10.32
2026/6/22 18:02,GoogLeNet-MNIST,0.8,9.58
2026/6/22 18:02,GoogLeNet-MNIST,0.9,10.32
2026/6/22 18:03,GoogLeNet-cifar-10,0,5.41
2026/6/22 18:03,GoogLeNet-cifar-10,0.1,9.95
2026/6/22 18:03,GoogLeNet-cifar-10,0.2,10
2026/6/22 18:03,GoogLeNet-cifar-10,0.3,10
2026/6/22 18:03,GoogLeNet-cifar-10,0.4,10
2026/6/22 18:03,GoogLeNet-cifar-10,0.5,10
2026/6/22 18:03,GoogLeNet-cifar-10,0.6,10
2026/6/22 18:03,GoogLeNet-cifar-10,0.7,10
2026/6/22 18:03,GoogLeNet-cifar-10,0.8,10
2026/6/22 18:03,GoogLeNet-cifar-10,0.9,10
2026/6/22 18:03,GoogLeNet-cifar-100,0,0.49
2026/6/22 18:03,GoogLeNet-cifar-100,0.1,0.52
2026/6/22 18:03,GoogLeNet-cifar-100,0.2,1.01
2026/6/22 18:03,GoogLeNet-cifar-100,0.3,1.02
2026/6/22 18:03,GoogLeNet-cifar-100,0.4,1
2026/6/22 18:03,GoogLeNet-cifar-100,0.5,1
2026/6/22 18:03,GoogLeNet-cifar-100,0.6,1
2026/6/22 18:03,GoogLeNet-cifar-100,0.7,1
2026/6/22 18:03,GoogLeNet-cifar-100,0.8,1
2026/6/22 18:03,GoogLeNet-cifar-100,0.9,1
2026/6/22 18:04,resnet18-MNIST,0,9.74
2026/6/22 18:04,resnet18-MNIST,0.1,9.74
2026/6/22 18:04,resnet18-MNIST,0.2,9.74
2026/6/22 18:04,resnet18-MNIST,0.3,9.74
2026/6/22 18:04,resnet18-MNIST,0.4,9.74
2026/6/22 18:04,resnet18-MNIST,0.5,9.74
2026/6/22 18:04,resnet18-MNIST,0.6,9.74
2026/6/22 18:04,resnet18-MNIST,0.7,9.74
2026/6/22 18:04,resnet18-MNIST,0.8,10.09
2026/6/22 18:04,resnet18-MNIST,0.9,10.09
2026/6/22 18:04,resnet18-cifar-10,0,7.06
2026/6/22 18:04,resnet18-cifar-10,0.1,9.21
2026/6/22 18:04,resnet18-cifar-10,0.2,10.85
2026/6/22 18:04,resnet18-cifar-10,0.3,10
2026/6/22 18:04,resnet18-cifar-10,0.4,10
2026/6/22 18:04,resnet18-cifar-10,0.5,10
2026/6/22 18:04,resnet18-cifar-10,0.6,10
2026/6/22 18:04,resnet18-cifar-10,0.7,10
2026/6/22 18:04,resnet18-cifar-10,0.8,10
2026/6/22 18:04,resnet18-cifar-10,0.9,10
2026/6/22 18:05,resnet18-cifar-100,0,1.19
2026/6/22 18:05,resnet18-cifar-100,0.1,1.34
2026/6/22 18:05,resnet18-cifar-100,0.2,0.98
2026/6/22 18:05,resnet18-cifar-100,0.3,1
2026/6/22 18:05,resnet18-cifar-100,0.4,1
2026/6/22 18:05,resnet18-cifar-100,0.5,1
2026/6/22 18:05,resnet18-cifar-100,0.6,1
2026/6/22 18:05,resnet18-cifar-100,0.7,1
2026/6/22 18:05,resnet18-cifar-100,0.8,1
2026/6/22 18:05,resnet18-cifar-100,0.9,1
2026/6/22 18:05,vgg16-BN-MNIST,0,10.09
2026/6/22 18:05,vgg16-BN-MNIST,0.1,10.09
2026/6/22 18:05,vgg16-BN-MNIST,0.2,11.35
2026/6/22 18:05,vgg16-BN-MNIST,0.3,8.94
2026/6/22 18:05,vgg16-BN-MNIST,0.4,9.82
2026/6/22 18:05,vgg16-BN-MNIST,0.5,9.82
2026/6/22 18:05,vgg16-BN-MNIST,0.6,9.82
2026/6/22 18:05,vgg16-BN-MNIST,0.7,9.82
2026/6/22 18:05,vgg16-BN-MNIST,0.8,9.82
2026/6/22 18:05,vgg16-BN-MNIST,0.9,9.82
2026/6/22 18:06,vgg16-BN-cifar-10,0,10
2026/6/22 18:06,vgg16-BN-cifar-10,0.1,10
2026/6/22 18:06,vgg16-BN-cifar-10,0.2,10.04
2026/6/22 18:06,vgg16-BN-cifar-10,0.3,10
2026/6/22 18:06,vgg16-BN-cifar-10,0.4,10
2026/6/22 18:06,vgg16-BN-cifar-10,0.5,10
2026/6/22 18:06,vgg16-BN-cifar-10,0.6,10
2026/6/22 18:06,vgg16-BN-cifar-10,0.7,10
2026/6/22 18:06,vgg16-BN-cifar-10,0.8,10
2026/6/22 18:06,vgg16-BN-cifar-10,0.9,10
2026/6/22 18:07,vgg16-BN-cifar-100,0,1.21
2026/6/22 18:07,vgg16-BN-cifar-100,0.1,1.3
2026/6/22 18:07,vgg16-BN-cifar-100,0.2,1
2026/6/22 18:07,vgg16-BN-cifar-100,0.3,1
2026/6/22 18:07,vgg16-BN-cifar-100,0.4,1
2026/6/22 18:07,vgg16-BN-cifar-100,0.5,1
2026/6/22 18:07,vgg16-BN-cifar-100,0.6,1
2026/6/22 18:07,vgg16-BN-cifar-100,0.7,1
2026/6/22 18:07,vgg16-BN-cifar-100,0.8,1
2026/6/22 18:07,vgg16-BN-cifar-100,0.9,1
2026/6/22 18:08,wideresnet50-2-cifar-10,0,86.11
2026/6/22 18:08,wideresnet50-2-cifar-10,0.1,15.62
2026/6/22 18:08,wideresnet50-2-cifar-10,0.2,10.04
2026/6/22 18:08,wideresnet50-2-cifar-10,0.3,12.25
2026/6/22 18:08,wideresnet50-2-cifar-10,0.4,10
2026/6/22 18:08,wideresnet50-2-cifar-10,0.5,10
2026/6/22 18:08,wideresnet50-2-cifar-10,0.6,10
2026/6/22 18:08,wideresnet50-2-cifar-10,0.7,10
2026/6/22 18:08,wideresnet50-2-cifar-10,0.8,10
2026/6/22 18:08,wideresnet50-2-cifar-10,0.9,10
2026/6/22 18:09,wideresnet50-2-cifar-100,0,44.39
2026/6/22 18:09,wideresnet50-2-cifar-100,0.1,2.39
2026/6/22 18:09,wideresnet50-2-cifar-100,0.2,1.98
2026/6/22 18:09,wideresnet50-2-cifar-100,0.3,0.96
2026/6/22 18:09,wideresnet50-2-cifar-100,0.4,0.99
2026/6/22 18:09,wideresnet50-2-cifar-100,0.5,1
2026/6/22 18:09,wideresnet50-2-cifar-100,0.6,1
2026/6/22 18:09,wideresnet50-2-cifar-100,0.7,0.88
2026/6/22 18:09,wideresnet50-2-cifar-100,0.8,1
2026/6/22 18:09,wideresnet50-2-cifar-100,0.9,1
2026/6/22 18:11,wideresnet50-2-MNIST,0,23.47
2026/6/22 18:11,wideresnet50-2-MNIST,0.1,8.92
2026/6/22 18:11,wideresnet50-2-MNIST,0.2,8.93
2026/6/22 18:11,wideresnet50-2-MNIST,0.3,8.92
2026/6/22 18:11,wideresnet50-2-MNIST,0.4,9.74
2026/6/22 18:11,wideresnet50-2-MNIST,0.5,9.74
2026/6/22 18:11,wideresnet50-2-MNIST,0.6,9.74
2026/6/22 18:11,wideresnet50-2-MNIST,0.7,9.74
2026/6/22 18:11,wideresnet50-2-MNIST,0.8,9.74
2026/6/22 18:11,wideresnet50-2-MNIST,0.9,9.58
