epoch,Acc(10%),Acc(20%),Acc(30%),Acc(40%),Acc(50%),Acc(60%),Acc(70%),Acc(80%),Acc(90%)
0,7.3364,7.318,7.3533,7.4775,10.9457,11.0067,7.92,7.88,7.76
5,11.0655,11.496,11.9889,12.82,13.3171,13.88,13.212,14.085,15.26
10,11.4109,12.804,14.5067,16.495,17.2343,19.35,21.068,23.875,25.38
15,12.1345,14.276,17.8289,22.1125,22.7514,25.61,27.352,29.55,30.88
20,12.5982,16.734,21.6756,27.38,27.3029,30.8867,31.54,33.57,36.3267
25,13.5618,19.384,26.0978,31.4575,31.5914,34.93,35.26,38.19,40.4067
30,14.4655,22.464,29.1867,35.0725,34.9286,37.8367,38.62,41.275,44.0667
35,15.3455,24.936,32.1667,38.0875,37.5743,40.2833,42.324,45.82,48.6333
40,16.6473,28.13,34.7911,40.4125,39.8657,43.8933,45.348,49.195,51.98
45,17.9909,29.628,37.1422,42.725,42.2514,45.8,48.892,52.655,54.8333
50,19.5818,31.784,39.1622,44.625,44.36,48.65,51.564,55.185,56.76
55,20.8636,33.784,40.7467,46.6375,46.2629,50.82,54.248,56.855,58.2333
60,22.6964,34.876,42.4511,48.255,48.06,53.11,55.868,58.345,59.2667
65,24.32,36.682,43.8711,49.845,50.1657,54.6333,57.768,59.76,61.8533
70,24.7564,37.83,45.1222,51.145,51.6,56.4433,59.14,61.77,62.3933
75,25.7218,39.292,47.1733,52.8,53.6114,58.5467,60.236,62.515,64.0933
80,27.3745,40.388,48.0778,53.445,55.1543,59.5067,61.568,63.39,65.02
85,27.7764,41.498,49.4489,54.685,56.8314,60.2033,62.036,64.855,65.2933
90,29.0345,42.456,49.6933,56.32,58.2829,61.82,63.528,65.385,66.8933
95,30.2091,43.586,50.9178,57.2475,59.1886,62.6433,64.416,66.68,67.6733
100,30.8982,44.57,52.6133,58.1825,60.4829,63.8733,65.352,67.77,68.76
105,31.7364,45.382,52.84,59.31,61.4886,64.8267,66.044,68.125,69.7067
110,32.2145,46.484,54.5622,59.7175,62.24,65.2167,66.976,69.15,70.4533
115,33.6618,47.65,55.1444,60.8525,62.8143,66.2167,67.64,69.945,71.0533
120,34.5218,48.124,55.9111,61.9475,63.8514,66.5933,68.532,70.745,71.6733
125,35.2473,48.734,56.9378,62.5375,64.3029,67.4367,69.204,70.935,72.5067
130,35.8709,49.302,57.6222,62.9975,65.4029,68.03,69.884,71.49,72.6867
135,36.4418,50.098,58.2644,64.07,65.6143,68.74,70.316,72.49,72.92
140,37.2073,50.97,59.4044,64.4925,66.4886,69.0167,70.716,72.74,73.06
145,38.0982,52.066,59.8689,64.9925,67.0886,69.4767,71.412,73.21,74.32
150,38.2727,52.762,60.1578,66.2225,67.6971,69.9367,71.952,73.53,74.26
