epoch,acc(0%),acc(30%),acc(60%),acc(100%)
0,7.5727,10.0618,11.0109,5.3509
5,56.5436,54.3745,54.5691,60.7909
10,70.5145,68.8836,69.8527,71.7036
15,76.4764,75.6691,76.4982,77.4655
20,80.1091,79.7036,80.2655,81.3945
25,81.8218,81.7618,82.1418,83.0927
30,83.8073,83.9327,84.1091,84.8382
35,85.1073,85.4309,85.3382,86.1782
40,86.1073,86.2091,86.0127,86.7091
45,86.8836,86.9455,86.8273,87.4727
50,86.8509,87.0655,86.5218,87.6000
55,87.6909,87.8073,87.5582,88.2964
60,87.9418,87.9945,87.7764,88.4036
65,88.0455,87.7745,87.8673,88.4855
70,88.0909,88.0218,87.7927,88.6382
75,88.4509,88.6182,88.3291,88.8673
80,88.4927,88.4727,88.3527,88.9691
85,88.5836,88.6818,88.3418,89.0000
90,88.5709,88.6455,88.3655,88.9255
95,89.0436,88.9855,88.7000,89.0327
100,89.2055,89.1200,88.8418,89.4327
105,89.2418,89.1891,88.7800,89.3109
110,89.0491,88.7964,88.5964,89.2364
115,89.2473,89.1909,88.9145,89.5527
120,89.2018,89.1309,88.9418,89.5345
125,89.3818,89.2945,89.0727,89.5400
130,89.2582,89.1273,89.1255,89.4909
135,89.7164,89.4618,89.4000,89.6291
140,89.6709,89.4018,89.2273,89.6982
145,89.5455,89.4236,89.2055,89.6945
150,89.4309,89.2491,89.3145,89.6218
