timestamp,group,arch,dataset,num_classes,base_acc,tee_acc,base_ms,tee_ms,overhead_ms,overhead_pct,base_mem_mb,tee_mem_mb,mem_overhead_mb,eta_detail
2026-06-22 16:59:35,GoogLeNet-MNIST,googlenet,mnist,10,99.68,99.66,47.70,51.46,3.75,7.87,461.5,461.7,0.1,inception5a.branch1.conv: 1.92% | inception5a.branch2.1.conv: 1.11% | inception5a.branch3.1.conv: 5.56% | inception5a.branch4.1.conv: 1.92% | inception5b.branch1.conv: 1.92% | inception5b.branch2.1.conv: 0.93% | inception5b.branch3.1.conv: 3.70% | inception5b.branch4.1.conv: 1.92%
2026-06-22 16:59:45,GoogLeNet-cifar-10,googlenet,cifar10,10,94.57,94.17,44.16,40.66,-3.50,-7.92,461.5,461.7,0.1,inception5a.branch1.conv: 1.92% | inception5a.branch2.1.conv: 1.11% | inception5a.branch3.1.conv: 5.56% | inception5a.branch4.1.conv: 1.92% | inception5b.branch1.conv: 1.92% | inception5b.branch2.1.conv: 0.93% | inception5b.branch3.1.conv: 3.70% | inception5b.branch4.1.conv: 1.92%
2026-06-22 16:59:54,GoogLeNet-cifar-100,googlenet,cifar100,100,74.92,74.96,61.00,58.26,-2.75,-4.50,868.6,868.8,0.1,inception5a.branch1.conv: 1.92% | inception5a.branch2.1.conv: 1.11% | inception5a.branch3.1.conv: 5.56% | inception5a.branch4.1.conv: 1.92% | inception5b.branch1.conv: 1.92% | inception5b.branch2.1.conv: 0.93% | inception5b.branch3.1.conv: 3.70% | inception5b.branch4.1.conv: 1.92%
2026-06-22 17:00:07,resnet18-cifar-100,resnet18,cifar100,100,77.76,75.97,41.59,33.04,-8.55,-20.56,407.2,407.3,0.2,layer3.0.conv2: 0.69% | layer3.1.conv2: 0.69% | layer4.0.conv2: 0.69% | layer4.1.conv2: 0.69%
2026-06-22 17:00:21,vgg16-BN-cifar-10,vgg16_bn,cifar10,10,91.78,91.77,52.05,52.27,0.21,0.41,614.1,614.5,0.4,features.24: 1.39% | features.27: 0.69% | features.30: 0.69% | features.33: 0.69% | features.36: 0.69% | features.39: 0.69%
2026-06-22 17:00:33,vgg16-BN-cifar-100,vgg16_bn,cifar100,100,69.31,68.81,55.06,49.99,-5.07,-9.20,616.0,616.4,0.4,features.24: 1.39% | features.27: 0.69% | features.30: 0.69% | features.33: 0.69% | features.36: 0.69% | features.39: 0.69%
2026-06-22 17:00:51,wideresnet50-2-cifar-10,wideresnet50_2,cifar10,10,91.84,91.74,79.39,80.13,0.73,0.92,1342.9,1343.6,0.8,layer4.0.conv2: 0.69% | layer4.1.conv2: 0.69% | layer4.2.conv2: 0.69%
2026-06-22 17:01:10,wideresnet50-2-cifar-100,wideresnet50_2,cifar100,100,72.58,72.58,164.61,164.66,0.05,0.03,1873.2,1873.9,0.8,layer4.0.conv2: 0.69% | layer4.1.conv2: 0.69% | layer4.2.conv2: 0.69%
2026-06-22 17:18:55,GoogLeNet-MNIST,googlenet,mnist,10,99.68,99.66,51.19,49.27,-1.91,-3.74,461.5,461.6,0.1,inception5a.branch1.conv: 1.92% | inception5a.branch2.1.conv: 1.11% | inception5a.branch3.1.conv: 5.56% | inception5a.branch4.1.conv: 1.92% | inception5b.branch1.conv: 1.92% | inception5b.branch2.1.conv: 0.93% | inception5b.branch3.1.conv: 3.70% | inception5b.branch4.1.conv: 1.92%
2026-06-22 17:19:06,GoogLeNet-cifar-10,googlenet,cifar10,10,94.57,94.17,45.42,39.55,-5.87,-12.92,461.5,461.6,0.1,inception5a.branch1.conv: 1.92% | inception5a.branch2.1.conv: 1.11% | inception5a.branch3.1.conv: 5.56% | inception5a.branch4.1.conv: 1.92% | inception5b.branch1.conv: 1.92% | inception5b.branch2.1.conv: 0.93% | inception5b.branch3.1.conv: 3.70% | inception5b.branch4.1.conv: 1.92%
2026-06-22 17:19:17,GoogLeNet-cifar-100,googlenet,cifar100,100,74.92,74.96,67.71,57.45,-10.26,-15.16,868.6,868.8,0.1,inception5a.branch1.conv: 1.92% | inception5a.branch2.1.conv: 1.11% | inception5a.branch3.1.conv: 5.56% | inception5a.branch4.1.conv: 1.92% | inception5b.branch1.conv: 1.92% | inception5b.branch2.1.conv: 0.93% | inception5b.branch3.1.conv: 3.70% | inception5b.branch4.1.conv: 1.92%
2026-06-22 17:19:27,resnet18-MNIST,resnet18,mnist,10,99.54,99.51,51.64,65.77,14.13,27.37,622.4,622.6,0.2,layer3.0.conv2: 0.69% | layer3.1.conv2: 0.69% | layer4.0.conv2: 0.69% | layer4.1.conv2: 0.69%
2026-06-22 17:19:39,resnet18-cifar-10,resnet18,cifar10,10,95.09,95.01,14.39,18.41,4.02,27.90,131.1,131.2,0.2,layer3.0.conv2: 0.69% | layer3.1.conv2: 0.69% | layer4.0.conv2: 0.69% | layer4.1.conv2: 0.69%
2026-06-22 17:19:49,resnet18-cifar-100,resnet18,cifar100,100,77.76,75.97,35.65,43.82,8.17,22.93,407.2,407.3,0.2,layer3.0.conv2: 0.69% | layer3.1.conv2: 0.69% | layer4.0.conv2: 0.69% | layer4.1.conv2: 0.69%
2026-06-22 17:20:00,vgg16-BN-MNIST,vgg16_bn,mnist,10,93.73,90.89,25.77,36.03,10.27,39.84,443.6,444.0,0.4,features.24: 1.39% | features.27: 0.69% | features.30: 0.69% | features.33: 0.69% | features.36: 0.69% | features.39: 0.69%
2026-06-22 17:20:14,vgg16-BN-cifar-10,vgg16_bn,cifar10,10,91.78,91.77,47.24,53.39,6.15,13.01,614.1,614.5,0.4,features.24: 1.39% | features.27: 0.69% | features.30: 0.69% | features.33: 0.69% | features.36: 0.69% | features.39: 0.69%
2026-06-22 17:20:28,vgg16-BN-cifar-100,vgg16_bn,cifar100,100,69.31,68.81,48.24,51.70,3.45,7.16,616.0,616.4,0.4,features.24: 1.39% | features.27: 0.69% | features.30: 0.69% | features.33: 0.69% | features.36: 0.69% | features.39: 0.69%
2026-06-22 17:20:50,wideresnet50-2-cifar-10,wideresnet50_2,cifar10,10,91.84,91.74,79.08,80.33,1.25,1.58,1342.4,1343.6,1.2,layer4.0.conv2: 0.69% | layer4.1.conv2: 0.69% | layer4.2.conv2: 0.69%
2026-06-22 17:21:13,wideresnet50-2-cifar-100,wideresnet50_2,cifar100,100,72.58,72.58,162.18,168.11,5.93,3.65,1873.2,1873.9,0.8,layer4.0.conv2: 0.69% | layer4.1.conv2: 0.69% | layer4.2.conv2: 0.69%
2026-06-22 17:31:23,wideresnet50-2-MNIST,wideresnet50_2,mnist,10,99.51,99.53,164.01,164.25,0.24,0.15,1870.4,1870.9,0.5,layer4.0.conv2: 0.69% | layer4.1.conv2: 0.69% | layer4.2.conv2: 0.69%
